[
  {
    "ip": "::1",
    "created_at": "21:19 23-10-2024",
    "id": 1
  },
  {
    "id": 2,
    "title": "Juan Pérez",
    "done": false,
    "ip": "::1",
    "created_at": "21:22 23-10-2024"
  },
  {
    "id": 3,
    "title": "María González",
    "done": true,
    "ip": "::1",
    "created_at": "21:22 23-10-2024"
  },
  {
    "id": 4,
    "title": "Carlos López",
    "done": false,
    "ip": "::1",
    "created_at": "21:23 23-10-2024"
  },
  {
    "id": 5,
    "title": "Ana Martínez",
    "done": true,
    "ip": "::1",
    "created_at": "21:23 23-10-2024"
  }
]